{
    "default":
    {
        "NEAREST_POINT_THRESHOLD": 0.3,
        "NAVIGATION_FUNCTION_INTERVAL": 10,
        "POINT_DISTANCE_ERROR": 0.007,
        "POINT_FINE_DISTANCE_ERROR": 0.003,
        "TURN_TIME_FACTOR": 878.333333,
        "CORRECTING_TURN_TIME_FACTOR": 400,
        "MINIMUM_CORRECTING_TURN_TIME_MS": 200,
        "MINIMUM_TURN_TIME_MS": 100
    },
    "special":
    {
        "NEAREST_POINT_THRESHOLD": 0.3,
        "NAVIGATION_FUNCTION_INTERVAL": 10,
        "POINT_DISTANCE_ERROR": 0.030,
        "POINT_FINE_DISTANCE_ERROR": 0.009,
        "TURN_TIME_FACTOR": 878.333333,
        "CORRECTING_TURN_TIME_FACTOR": 400,
        "MINIMUM_CORRECTING_TURN_TIME_MS": 200,
        "MINIMUM_TURN_TIME_MS": 100
    },
    "city":
    {
        "NEAREST_POINT_THRESHOLD": 0.3,
        "NAVIGATION_FUNCTION_INTERVAL": 10,
        "POINT_DISTANCE_ERROR": 0.050,
        "POINT_FINE_DISTANCE_ERROR": 0.009,
        "TURN_TIME_FACTOR": 878.333333,
        "CORRECTING_TURN_TIME_FACTOR": 400,
        "MINIMUM_CORRECTING_TURN_TIME_MS": 200,
        "MINIMUM_TURN_TIME_MS": 100
    },
    "unstuck":
    {
        "STUCK_DISTANCE": 0.0002,
        "STUCK_BACKWARDS_UPDATES_COUNT": 20,
        "BLINK_WHEN_VALID": false,
        "BLINK_STANDARD_ERROR": 0.57735027,
        "BLINK_FORWARD_POINTS": 15,
        "BLINK_MANA_THRESHOLD": 80,
        "BLINK_JUMP_DISTANCE": 0.056799,
        "JUMP_WHEN_VALID" : true,
        "JUMP_FORWARD_POINTS": 15,
        "JUMP_DISTANCE": 0.028799
    }
}